id,uid,cid,fecha
0,141,85,2020-06-05 00:00:00
1,141,34,05-21-2020
3,9,137,05-31-2020
6,49,99,2020-08-06 00:00:00
8,19,98,2020-12-06 00:00:00
9,21,107,06-16-2020
11,49,112,06-18-2020
12,36,110,06-20-2020
13,123,104,06-22-2020
14,9,135,06-24-2020
16,57,91,06-25-2020
18,92,153,06-29-2020
22,57,108,2020-02-07 00:00:00
23,21,85,2020-03-07 00:00:00
25,41,49,2020-04-07 00:00:00
27,57,90,2020-04-07 00:00:00
28,2,128,2020-05-07 00:00:00
29,92,155,2020-05-07 00:00:00
33,146,92,07-13-2020
35,57,110,07-15-2020
36,19,138,07-18-2020
37,115,78,07-18-2020
38,146,78,07-21-2020
39,92,154,07-21-2020
40,21,79,07-23-2020
41,33,101,07-23-2020
43,115,31,07-24-2020
44,44,18,07-24-2020
45,46,134,07-27-2020
48,46,132,07-29-2020
49,19,102,07-30-2020
50,57,92,07-30-2020
51,45,132,2020-02-08 00:00:00
52,17,114,2020-03-08 00:00:00
53,16,58,2020-04-08 00:00:00
56,119,106,2020-10-08 00:00:00
57,26,40,2020-10-08 00:00:00
58,16,43,2020-11-08 00:00:00
59,36,117,2020-11-08 00:00:00
62,146,90,08-17-2020
63,141,137,08-17-2020
64,142,152,08-17-2020
65,142,150,08-19-2020
66,63,116,08-19-2020
67,141,131,08-20-2020
68,142,151,08-20-2020
70,119,133,08-22-2020
71,17,99,08-22-2020
72,26,107,08-23-2020
74,36,102,08-24-2020
76,21,135,08-24-2020
80,50,102,08-25-2020
81,6,157,08-26-2020
82,58,81,08-26-2020
84,37,97,08-27-2020
86,75,90,08-28-2020
91,77,8,08-29-2020
95,141,111,08-31-2020
98,1,47,2020-03-09 00:00:00
101,75,92,2020-08-09 00:00:00
102,75,134,2020-08-09 00:00:00
103,46,117,2020-08-09 00:00:00
105,16,66,2020-09-09 00:00:00
109,46,69,2020-12-09 00:00:00
111,90,147,09-13-2020
114,72,151,09-16-2020
115,23,128,09-16-2020
116,70,153,09-16-2020
117,59,92,09-16-2020
119,38,34,09-17-2020
120,1,139,09-18-2020
121,25,126,09-18-2020
122,2,106,09-20-2020
126,22,10,09-22-2020
127,51,145,09-22-2020
128,45,153,09-22-2020
129,49,39,09-23-2020
134,14,128,09-26-2020
135,26,149,09-26-2020
137,36,108,09-26-2020
138,45,19,09-27-2020
140,21,142,09-28-2020
141,87,148,09-28-2020
146,19,104,09-30-2020
147,146,52,09-30-2020
148,19,103,2020-01-10 00:00:00
150,49,148,2020-01-10 00:00:00
151,22,10,2020-02-10 00:00:00
152,141,135,2020-02-10 00:00:00
153,49,113,2020-02-10 00:00:00
154,26,35,2020-03-10 00:00:00
155,141,46,2020-04-10 00:00:00
158,1,138,2020-05-10 00:00:00
159,22,131,2020-05-10 00:00:00
161,115,38,2020-05-10 00:00:00
162,31,148,2020-05-10 00:00:00
164,1,38,2020-06-10 00:00:00
165,105,132,2020-06-10 00:00:00
166,17,88,2020-07-10 00:00:00
169,16,103,2020-07-10 00:00:00
170,54,81,2020-08-10 00:00:00
171,6,82,2020-08-10 00:00:00
172,31,92,2020-09-10 00:00:00
174,41,111,2020-10-10 00:00:00
176,87,149,2020-11-10 00:00:00
177,16,50,2020-12-10 00:00:00
178,35,17,10-13-2020
180,17,98,10-15-2020
181,82,107,10-16-2020
182,87,112,10-16-2020
183,47,85,10-16-2020
184,76,142,10-17-2020
185,87,150,10-17-2020
186,92,115,10-18-2020
188,36,115,10-18-2020
190,63,109,10-19-2020
192,18,85,10-20-2020
193,133,101,10-21-2020
195,38,44,10-22-2020
197,21,150,10-23-2020
199,141,113,10-25-2020
200,1,33,10-27-2020
201,3,148,10-29-2020
202,2,127,10-29-2020
203,45,154,10-29-2020
205,1,140,10-30-2020
206,31,90,10-30-2020
209,31,147,10-30-2020
214,51,154,2020-02-11 00:00:00
215,18,127,2020-02-11 00:00:00
216,24,111,2020-03-11 00:00:00
218,16,52,2020-04-11 00:00:00
219,77,73,2020-05-11 00:00:00
220,92,99,2020-05-11 00:00:00
221,146,61,2020-06-11 00:00:00
222,11,152,2020-06-11 00:00:00
223,52,120,2020-07-11 00:00:00
224,59,90,2020-07-11 00:00:00
229,26,129,2020-09-11 00:00:00
231,18,84,2020-10-11 00:00:00
232,37,135,2020-10-11 00:00:00
233,21,137,2020-11-11 00:00:00
234,62,25,2020-11-11 00:00:00
235,72,104,2020-11-11 00:00:00
236,141,118,2020-11-11 00:00:00
237,37,96,2020-11-11 00:00:00
238,40,126,2020-12-11 00:00:00
239,18,81,2020-12-11 00:00:00
240,16,102,11-13-2020
241,90,108,11-13-2020
243,106,148,11-14-2020
244,17,101,11-14-2020
247,38,141,11-16-2020
249,16,31,11-17-2020
250,17,97,11-18-2020
252,87,151,11-19-2020
253,92,101,11-19-2020
254,24,124,11-19-2020
256,31,149,11-20-2020
257,74,144,11-20-2020
258,2,126,11-20-2020
259,87,101,11-20-2020
266,31,129,11-22-2020
267,21,141,11-22-2020
268,22,156,11-23-2020
269,105,134,11-24-2020
271,141,91,11-25-2020
272,49,147,11-25-2020
273,18,152,11-28-2020
274,92,68,11-28-2020
279,43,139,11-29-2020
280,18,78,11-29-2020
281,141,41,11-29-2020
282,26,32,11-29-2020
283,16,143,11-29-2020
284,48,54,11-30-2020
285,12,128,11-30-2020
286,48,91,2020-01-12 00:00:00
288,115,83,2020-03-12 00:00:00
289,14,127,2020-03-12 00:00:00
290,16,3,2020-03-12 00:00:00
291,141,90,2020-03-12 00:00:00
292,60,149,2020-03-12 00:00:00
293,87,152,2020-04-12 00:00:00
295,11,150,2020-04-12 00:00:00
296,63,110,2020-04-12 00:00:00
297,46,118,2020-05-12 00:00:00
299,22,16,2020-05-12 00:00:00
301,24,152,2020-06-12 00:00:00
302,24,90,2020-06-12 00:00:00
304,18,128,2020-07-12 00:00:00
305,56,115,2020-07-12 00:00:00
306,46,133,2020-07-12 00:00:00
307,62,62,2020-07-12 00:00:00
308,92,114,2020-07-12 00:00:00
312,45,133,2020-09-12 00:00:00
313,14,126,2020-09-12 00:00:00
314,22,5,2020-10-12 00:00:00
316,61,127,2020-12-12 00:00:00
317,87,100,2020-12-12 00:00:00
318,90,149,2020-12-12 00:00:00
320,90,95,2020-12-12 00:00:00
321,141,129,12-13-2020
323,61,122,12-13-2020
326,90,148,12-15-2020
327,119,155,12-15-2020
329,142,55,12-15-2020
332,55,148,12-18-2020
334,55,12,12-18-2020
335,67,120,12-19-2020
336,72,152,12-19-2020
338,61,110,12-21-2020
339,41,112,12-21-2020
340,40,118,12-21-2020
341,106,149,12-21-2020
342,24,156,12-22-2020
344,141,117,12-23-2020
346,82,156,12-23-2020
348,37,122,12-23-2020
350,4,156,12-24-2020
351,75,133,12-24-2020
352,106,120,12-24-2020
353,74,133,12-24-2020
356,46,119,12-25-2020
358,75,132,12-25-2020
359,77,105,12-25-2020
360,92,116,12-26-2020
361,15,97,12-26-2020
362,142,140,12-26-2020
363,73,89,12-27-2020
365,50,103,12-27-2020
369,119,105,12-30-2020
371,26,90,12-31-2020
372,73,73,12-31-2020
373,119,81,12-31-2020
375,142,58,2021-01-01 00:00:00
377,106,147,2021-01-01 00:00:00
381,56,157,2021-03-01 00:00:00
382,90,21,2021-03-01 00:00:00
386,59,91,2021-04-01 00:00:00
387,26,146,2021-04-01 00:00:00
388,37,98,2021-04-01 00:00:00
389,11,81,2021-05-01 00:00:00
390,24,131,2021-05-01 00:00:00
392,10,133,2021-07-01 00:00:00
393,25,155,2021-07-01 00:00:00
394,34,135,2021-08-01 00:00:00
400,14,131,2021-10-01 00:00:00
401,43,137,2021-10-01 00:00:00
403,15,98,2021-11-01 00:00:00
405,56,156,2021-12-01 00:00:00
407,4,87,01-15-2021
408,92,66,01-15-2021
409,22,82,01-16-2021
410,21,151,01-17-2021
411,13,47,01-17-2021
412,24,151,01-17-2021
413,16,87,01-17-2021
414,14,130,01-18-2021
415,47,77,01-18-2021
417,93,81,01-18-2021
418,54,149,01-19-2021
419,62,56,01-20-2021
420,18,107,01-21-2021
422,141,89,01-21-2021
423,22,96,01-22-2021
424,17,106,01-22-2021
425,115,112,01-22-2021
426,50,2,01-22-2021
427,23,127,01-23-2021
429,52,100,01-23-2021
430,92,4,01-23-2021
431,61,83,01-23-2021
433,52,101,01-24-2021
436,141,112,01-25-2021
437,33,99,01-25-2021
438,62,58,01-25-2021
440,10,129,01-25-2021
442,141,130,01-27-2021
443,52,122,01-27-2021
444,92,100,01-27-2021
445,23,109,01-27-2021
447,32,123,01-28-2021
450,142,138,01-28-2021
451,47,86,01-29-2021
452,49,72,01-29-2021
453,67,122,01-30-2021
454,73,71,01-30-2021
458,142,90,01-30-2021
459,15,66,01-30-2021
461,26,113,01-30-2021
462,43,140,01-30-2021
463,57,116,01-30-2021
464,49,74,01-31-2021
465,26,154,01-31-2021
468,87,96,2021-01-02 00:00:00
471,62,59,2021-02-02 00:00:00
473,115,123,2021-03-02 00:00:00
474,26,120,2021-03-02 00:00:00
476,119,107,2021-04-02 00:00:00
477,25,157,2021-04-02 00:00:00
479,34,137,2021-06-02 00:00:00
480,4,157,2021-06-02 00:00:00
481,46,125,2021-06-02 00:00:00
484,141,84,2021-07-02 00:00:00
486,26,105,2021-07-02 00:00:00
487,73,88,2021-08-02 00:00:00
488,146,91,2021-08-02 00:00:00
489,141,124,2021-09-02 00:00:00
491,21,67,2021-09-02 00:00:00
492,141,123,2021-10-02 00:00:00
494,141,117,2021-10-02 00:00:00
496,26,122,2021-11-02 00:00:00
497,13,34,2021-11-02 00:00:00
501,142,103,2021-12-02 00:00:00
503,63,115,02-13-2021
504,115,145,02-14-2021
505,146,63,02-14-2021
509,37,137,02-15-2021
510,18,152,02-16-2021
511,141,149,02-16-2021
512,26,153,02-16-2021
514,6,147,02-17-2021
515,65,78,02-18-2021
517,146,83,02-18-2021
518,115,112,02-18-2021
519,51,144,02-19-2021
520,35,7,02-19-2021
521,26,106,02-19-2021
522,90,109,02-20-2021
523,77,21,02-20-2021
524,36,104,02-20-2021
526,4,142,02-21-2021
527,115,44,02-21-2021
528,115,111,02-22-2021
529,21,152,02-22-2021
530,15,95,02-22-2021
531,141,118,02-22-2021
532,38,142,02-23-2021
533,11,144,02-24-2021
534,26,111,02-24-2021
536,70,135,02-25-2021
538,16,61,02-25-2021
539,55,134,02-25-2021
540,141,44,02-25-2021
543,26,155,02-26-2021
545,16,45,02-27-2021
547,16,122,02-27-2021
548,62,117,02-27-2021
551,46,123,02-28-2021
552,77,19,02-28-2021
554,33,107,2021-01-03 00:00:00
556,26,112,2021-01-03 00:00:00
557,31,69,2021-02-03 00:00:00
558,133,131,2021-02-03 00:00:00
559,141,147,2021-02-03 00:00:00
560,52,121,2021-02-03 00:00:00
561,115,99,2021-02-03 00:00:00
562,35,84,2021-02-03 00:00:00
563,23,110,2021-03-03 00:00:00
567,46,104,2021-03-03 00:00:00
572,11,76,2021-04-03 00:00:00
577,61,109,2021-06-03 00:00:00
578,51,146,2021-07-03 00:00:00
579,16,84,2021-07-03 00:00:00
581,63,23,2021-07-03 00:00:00
585,77,107,2021-08-03 00:00:00
588,54,82,2021-09-03 00:00:00
590,119,118,2021-09-03 00:00:00
591,25,115,2021-10-03 00:00:00
592,119,78,2021-10-03 00:00:00
593,141,148,2021-11-03 00:00:00
594,77,133,2021-11-03 00:00:00
597,76,125,03-13-2021
598,141,119,03-13-2021
602,119,153,03-14-2021
605,70,6,03-14-2021
606,76,143,03-15-2021
607,22,11,03-16-2021
608,47,84,03-16-2021
609,34,92,03-17-2021
610,22,20,03-17-2021
611,51,99,03-17-2021
613,38,48,03-18-2021
615,48,157,03-18-2021
617,115,138,03-19-2021
618,123,115,03-19-2021
619,16,67,03-19-2021
621,141,41,03-20-2021
623,141,37,03-20-2021
625,70,136,03-20-2021
627,19,150,03-21-2021
628,122,91,03-21-2021
629,61,88,03-21-2021
631,54,101,03-22-2021
632,54,102,03-22-2021
635,15,101,03-22-2021
636,25,116,03-22-2021
637,54,71,03-22-2021
638,17,96,03-23-2021
639,93,83,03-23-2021
640,62,118,03-23-2021
642,4,100,03-24-2021
643,87,113,03-24-2021
647,65,83,03-25-2021
649,40,140,03-26-2021
650,37,110,03-26-2021
654,18,77,03-27-2021
655,18,109,03-27-2021
656,54,132,03-28-2021
657,77,119,03-28-2021
658,73,115,03-28-2021
659,115,113,03-28-2021
660,3,149,03-28-2021
661,38,4,03-29-2021
662,48,56,03-29-2021
663,22,93,03-30-2021
665,54,79,03-30-2021
666,62,106,03-30-2021
668,119,89,03-30-2021
670,17,87,03-31-2021
671,122,131,03-31-2021
674,4,89,2021-01-04 00:00:00
675,31,104,2021-01-04 00:00:00
676,48,52,2021-02-04 00:00:00
677,25,153,2021-02-04 00:00:00
679,68,105,2021-03-04 00:00:00
680,40,133,2021-03-04 00:00:00
681,67,153,2021-03-04 00:00:00
682,77,7,2021-04-04 00:00:00
683,97,148,2021-04-04 00:00:00
684,61,87,2021-04-04 00:00:00
685,77,100,2021-04-04 00:00:00
686,17,100,2021-04-04 00:00:00
687,61,76,2021-04-04 00:00:00
688,23,69,2021-04-04 00:00:00
692,48,58,2021-05-04 00:00:00
693,71,133,2021-06-04 00:00:00
694,95,137,2021-06-04 00:00:00
695,12,119,2021-06-04 00:00:00
697,115,77,2021-07-04 00:00:00
698,16,142,2021-07-04 00:00:00
699,77,17,2021-07-04 00:00:00
700,14,123,2021-07-04 00:00:00
701,64,132,2021-08-04 00:00:00
702,39,37,2021-08-04 00:00:00
703,142,102,2021-09-04 00:00:00
705,18,98,2021-10-04 00:00:00
706,92,81,2021-10-04 00:00:00
707,19,122,2021-10-04 00:00:00
708,146,60,2021-11-04 00:00:00
709,22,4,2021-11-04 00:00:00
710,119,86,2021-11-04 00:00:00
712,14,129,2021-12-04 00:00:00
713,16,62,2021-12-04 00:00:00
715,73,87,2021-12-04 00:00:00
717,37,108,2021-12-04 00:00:00
718,56,114,04-13-2021
719,39,49,04-13-2021
720,19,120,04-13-2021
722,54,75,04-14-2021
724,39,48,04-14-2021
725,19,151,04-14-2021
728,90,89,04-14-2021
729,55,147,04-14-2021
730,64,134,04-14-2021
732,41,85,04-15-2021
733,49,149,04-15-2021
735,48,92,04-15-2021
736,18,96,04-15-2021
737,17,116,04-15-2021
738,90,136,04-16-2021
742,119,146,04-16-2021
743,47,140,04-17-2021
744,141,125,04-17-2021
745,115,100,04-18-2021
746,18,144,04-18-2021
747,141,86,04-18-2021
753,46,130,04-20-2021
754,141,47,04-20-2021
755,23,126,04-21-2021
756,65,95,04-21-2021
758,61,114,04-21-2021
759,10,134,04-21-2021
760,15,94,04-21-2021
762,57,90,04-22-2021
763,25,128,04-22-2021
766,24,108,04-24-2021
767,12,148,04-24-2021
768,40,119,04-25-2021
769,115,113,04-25-2021
771,39,157,04-25-2021
772,70,149,04-25-2021
775,67,105,04-27-2021
776,51,73,04-27-2021
777,71,134,04-28-2021
778,90,110,04-28-2021
779,16,106,04-28-2021
780,61,132,04-28-2021
782,92,71,04-29-2021
784,28,116,04-30-2021
787,71,132,2021-01-05 00:00:00
789,54,99,2021-01-05 00:00:00
790,34,90,2021-01-05 00:00:00
792,35,86,2021-02-05 00:00:00
799,122,157,2021-04-05 00:00:00
801,40,134,2021-04-05 00:00:00
803,12,129,2021-04-05 00:00:00
804,49,97,2021-04-05 00:00:00
806,11,77,2021-05-05 00:00:00
807,22,19,2021-06-05 00:00:00
808,90,93,2021-06-05 00:00:00
809,92,74,2021-06-05 00:00:00
811,13,112,2021-07-05 00:00:00
817,87,111,2021-08-05 00:00:00
818,16,89,2021-08-05 00:00:00
819,108,64,2021-08-05 00:00:00
820,65,83,2021-08-05 00:00:00
822,115,48,2021-09-05 00:00:00
823,23,52,2021-09-05 00:00:00
825,39,124,2021-10-05 00:00:00
826,30,111,2021-10-05 00:00:00
827,97,103,2021-10-05 00:00:00
829,34,136,2021-11-05 00:00:00
830,13,134,2021-11-05 00:00:00
831,21,157,2021-11-05 00:00:00
832,108,84,2021-11-05 00:00:00
834,23,57,2021-12-05 00:00:00
837,119,84,05-13-2021
838,49,121,05-13-2021
839,46,131,05-14-2021
840,76,123,05-14-2021
841,18,80,05-15-2021
842,21,86,05-15-2021
843,66,105,05-16-2021
844,14,134,05-17-2021
845,63,108,05-17-2021
847,97,133,05-17-2021
848,36,156,05-17-2021
849,115,157,05-18-2021
850,18,150,05-18-2021
851,122,156,05-18-2021
852,68,120,05-18-2021
858,115,128,05-19-2021
859,49,70,05-19-2021
860,51,142,05-19-2021
861,115,101,05-20-2021
863,23,146,05-20-2021
864,4,85,05-21-2021
865,132,47,05-21-2021
868,32,125,05-22-2021
869,77,4,05-22-2021
870,49,101,05-22-2021
871,45,20,05-22-2021
876,45,81,05-23-2021
877,55,149,05-23-2021
878,18,151,05-23-2021
880,51,143,05-24-2021
881,47,82,05-24-2021
882,44,155,05-24-2021
883,11,151,05-25-2021
885,72,98,05-26-2021
887,8,107,05-26-2021
888,15,1,05-26-2021
889,40,84,05-26-2021
890,65,122,05-26-2021
891,9,136,05-27-2021
892,22,88,05-28-2021
893,70,14,05-28-2021
894,46,129,05-28-2021
895,54,77,05-28-2021
896,36,119,05-29-2021
897,49,111,05-29-2021
898,46,68,05-29-2021
899,15,99,05-30-2021
900,70,108,05-31-2021
902,67,71,05-31-2021
903,90,124,05-31-2021
904,21,61,05-31-2021
906,73,115,2021-01-06 00:00:00
909,27,89,2021-01-06 00:00:00
912,73,47,2021-01-06 00:00:00
913,90,87,2021-01-06 00:00:00
914,3,99,2021-02-06 00:00:00
915,108,86,2021-02-06 00:00:00
917,54,114,2021-02-06 00:00:00
918,44,129,2021-02-06 00:00:00
919,40,70,2021-02-06 00:00:00
923,13,40,2021-03-06 00:00:00
924,43,136,2021-03-06 00:00:00
926,15,5,2021-04-06 00:00:00
927,142,92,2021-04-06 00:00:00
930,90,123,2021-04-06 00:00:00
932,64,133,2021-05-06 00:00:00
933,66,144,2021-05-06 00:00:00
935,26,92,2021-06-06 00:00:00
936,65,102,2021-06-06 00:00:00
938,40,128,2021-07-06 00:00:00
942,146,99,2021-08-06 00:00:00
943,30,10,2021-08-06 00:00:00
945,106,118,2021-08-06 00:00:00
946,65,94,2021-08-06 00:00:00
947,119,77,2021-08-06 00:00:00
949,44,107,2021-08-06 00:00:00
951,123,68,2021-08-06 00:00:00
952,41,126,2021-08-06 00:00:00
954,73,119,2021-09-06 00:00:00
955,106,119,2021-09-06 00:00:00
957,30,132,2021-09-06 00:00:00
958,44,105,2021-09-06 00:00:00
959,23,3,2021-09-06 00:00:00
961,115,111,2021-10-06 00:00:00
962,106,113,2021-10-06 00:00:00
963,106,53,2021-11-06 00:00:00
965,72,96,2021-11-06 00:00:00
966,30,118,2021-11-06 00:00:00
967,30,14,2021-11-06 00:00:00
969,45,8,2021-11-06 00:00:00
970,87,106,2021-11-06 00:00:00
971,23,155,2021-11-06 00:00:00
972,64,143,2021-12-06 00:00:00
973,30,134,2021-12-06 00:00:00
977,48,121,06-13-2021
978,106,112,06-13-2021
980,30,27,06-13-2021
981,58,105,06-13-2021
983,106,111,06-14-2021
984,19,152,06-14-2021
985,72,97,06-14-2021
987,77,5,06-15-2021
988,54,76,06-15-2021
990,54,73,06-16-2021
991,74,132,06-16-2021
993,106,150,06-16-2021
995,52,99,06-17-2021
996,15,85,06-17-2021
997,52,88,06-17-2021
999,54,82,06-17-2021
1000,8,105,06-17-2021
1001,74,145,06-18-2021
1003,23,145,06-18-2021
1005,92,145,06-18-2021
1006,106,60,06-18-2021
1009,106,85,06-19-2021
1010,106,58,06-19-2021
1011,24,125,06-19-2021
1013,21,92,06-19-2021
1014,16,157,06-19-2021
1015,24,91,06-19-2021
1017,39,156,06-20-2021
1018,106,151,06-20-2021
1020,54,100,06-21-2021
1021,4,88,06-21-2021
1023,30,119,06-21-2021
1024,106,117,06-21-2021
1026,3,105,06-21-2021
1027,39,56,06-21-2021
1029,30,133,06-21-2021
1030,97,92,06-22-2021
1031,30,117,06-22-2021
1032,23,107,06-22-2021
1034,119,144,06-22-2021
1035,38,65,06-22-2021
1036,54,8,06-22-2021
1037,73,102,06-22-2021
1039,22,77,06-23-2021
1042,77,6,06-23-2021
1043,1,156,06-23-2021
1044,10,106,06-24-2021
1045,21,157,06-24-2021
1046,73,54,06-24-2021
1047,108,103,06-25-2021
1049,52,131,06-25-2021
1051,146,62,06-26-2021
1052,28,137,06-26-2021
1053,70,148,06-27-2021
1054,25,156,06-27-2021
1056,10,132,06-27-2021
1057,38,143,06-27-2021
1058,18,85,06-27-2021
1059,12,118,06-28-2021
1060,130,117,06-28-2021
1062,18,4,06-28-2021
1063,64,142,06-29-2021
1065,57,92,06-29-2021
1066,54,115,06-29-2021
1068,4,126,06-29-2021
1069,21,58,06-29-2021
1071,4,147,06-30-2021
1072,37,131,06-30-2021
1073,92,84,06-30-2021
1075,62,94,06-30-2021
1076,130,155,06-30-2021
1077,23,86,06-30-2021
1078,45,83,06-30-2021
1081,35,109,2021-01-07 00:00:00
1082,69,98,2021-01-07 00:00:00
1083,30,107,2021-01-07 00:00:00
1085,68,107,2021-01-07 00:00:00
1088,73,141,2021-02-07 00:00:00
1090,16,124,2021-02-07 00:00:00
1091,46,139,2021-02-07 00:00:00
1092,62,29,2021-02-07 00:00:00
1094,68,150,2021-03-07 00:00:00
1095,49,4,2021-03-07 00:00:00
1096,106,104,2021-04-07 00:00:00
1098,59,144,2021-04-07 00:00:00
1099,55,89,2021-04-07 00:00:00
1100,48,98,2021-04-07 00:00:00
1102,4,91,2021-04-07 00:00:00
1103,82,105,2021-04-07 00:00:00
1105,92,114,2021-05-07 00:00:00
1106,41,86,2021-05-07 00:00:00
1107,77,2,2021-05-07 00:00:00
1108,70,143,2021-06-07 00:00:00
1109,15,118,2021-06-07 00:00:00
1110,73,143,2021-06-07 00:00:00
1111,142,115,2021-06-07 00:00:00
1112,4,92,2021-07-07 00:00:00
1113,73,48,2021-07-07 00:00:00
1114,24,113,2021-07-07 00:00:00
1115,77,66,2021-07-07 00:00:00
1116,49,100,2021-07-07 00:00:00
1117,119,18,2021-07-07 00:00:00
1118,3,147,2021-08-07 00:00:00
1119,74,50,2021-08-07 00:00:00
1120,54,104,2021-08-07 00:00:00
1121,32,157,2021-08-07 00:00:00
1122,64,148,2021-08-07 00:00:00
1123,36,27,2021-08-07 00:00:00
1124,23,108,2021-08-07 00:00:00
1128,74,35,2021-09-07 00:00:00
1129,74,146,2021-09-07 00:00:00
1130,106,157,2021-09-07 00:00:00
1133,17,107,2021-10-07 00:00:00
1136,64,154,2021-11-07 00:00:00
1137,59,85,2021-11-07 00:00:00
1139,73,118,2021-11-07 00:00:00
1140,36,118,2021-12-07 00:00:00
1143,90,125,2021-12-07 00:00:00
1145,28,115,2021-12-07 00:00:00
1146,60,84,07-13-2021
1148,4,90,07-13-2021
1149,25,127,07-13-2021
1150,4,54,07-13-2021
1154,10,131,07-13-2021
1155,106,156,07-13-2021
1156,6,80,07-14-2021
1157,38,68,07-14-2021
1162,3,102,07-15-2021
1163,65,104,07-15-2021
1164,29,92,07-15-2021
1165,54,103,07-15-2021
1166,65,103,07-15-2021
1167,16,136,07-15-2021
1169,35,108,07-15-2021
1170,30,155,07-15-2021
1171,142,60,07-15-2021
1172,50,87,07-15-2021
1173,52,89,07-16-2021
1174,106,103,07-16-2021
1175,51,141,07-16-2021
1176,82,106,07-16-2021
1177,18,69,07-17-2021
1179,97,147,07-17-2021
1180,24,112,07-17-2021
1183,26,104,07-18-2021
1184,60,148,07-18-2021
1185,62,63,07-18-2021
1186,119,134,07-18-2021
1188,122,140,07-18-2021
1190,4,146,07-18-2021
1191,72,46,07-18-2021
1192,51,100,07-18-2021
1193,59,132,07-19-2021
1194,70,109,07-19-2021
1195,40,85,07-20-2021
1196,57,91,07-20-2021
1197,108,85,07-20-2021
1198,18,86,07-20-2021
1199,12,127,07-20-2021
1200,90,135,07-20-2021
1201,26,4,07-20-2021
1203,66,108,07-21-2021
1205,46,2,07-21-2021
1208,76,124,07-22-2021
1209,6,88,07-22-2021
1210,62,119,07-22-2021
1212,50,67,07-22-2021
1215,48,120,07-22-2021
1216,21,4,07-22-2021
1218,132,24,07-23-2021
1220,46,4,07-23-2021
1224,106,102,07-23-2021
1225,76,110,07-23-2021
1226,18,105,07-23-2021
1227,142,54,07-24-2021
1228,64,141,07-24-2021
1231,30,154,07-25-2021
1232,60,146,07-25-2021
1233,12,126,07-25-2021
1234,58,132,07-25-2021
1236,62,93,07-25-2021
1237,49,118,07-25-2021
1238,69,96,07-25-2021
1239,66,138,07-26-2021
1246,68,122,07-27-2021
1247,14,104,07-27-2021
1248,76,120,07-27-2021
1250,50,104,07-27-2021
1251,27,87,07-28-2021
1252,73,140,07-28-2021
1254,133,130,07-28-2021
1256,55,87,07-29-2021
1257,3,133,07-29-2021
1258,105,133,07-29-2021
1259,66,127,07-29-2021
1260,36,86,07-29-2021
1264,51,101,07-30-2021
1265,76,84,07-30-2021
1266,65,93,07-30-2021
1267,61,81,07-30-2021
1268,22,95,07-30-2021
1270,61,89,07-31-2021
1271,26,90,07-31-2021
1272,146,77,07-31-2021
1274,45,76,07-31-2021
1276,26,103,2021-01-08 00:00:00
1277,54,81,2021-01-08 00:00:00
1278,132,49,2021-01-08 00:00:00
1279,60,99,2021-01-08 00:00:00
1281,23,5,2021-01-08 00:00:00
1282,54,27,2021-01-08 00:00:00
1284,54,102,2021-02-08 00:00:00
1285,119,103,2021-02-08 00:00:00
1286,26,102,2021-02-08 00:00:00
1288,119,102,2021-02-08 00:00:00
1290,50,97,2021-02-08 00:00:00
1292,60,86,2021-03-08 00:00:00
1293,38,37,2021-03-08 00:00:00
1295,26,69,2021-03-08 00:00:00
1297,34,155,2021-03-08 00:00:00
1298,48,151,2021-03-08 00:00:00
1300,7,145,2021-04-08 00:00:00
1303,76,108,2021-04-08 00:00:00
1304,59,146,2021-05-08 00:00:00
1305,76,109,2021-05-08 00:00:00
1307,26,2,2021-05-08 00:00:00
1310,77,134,2021-06-08 00:00:00
1311,12,92,2021-06-08 00:00:00
1312,54,17,2021-06-08 00:00:00
1313,105,145,2021-06-08 00:00:00
1315,14,116,2021-06-08 00:00:00
1317,21,156,2021-07-08 00:00:00
1318,52,140,2021-07-08 00:00:00
1319,66,126,2021-08-08 00:00:00
1321,34,153,2021-08-08 00:00:00
1322,49,105,2021-08-08 00:00:00
1323,46,103,2021-08-08 00:00:00
1324,56,141,2021-08-08 00:00:00
1325,52,87,2021-08-08 00:00:00
1328,4,102,2021-08-08 00:00:00
1329,16,135,2021-08-08 00:00:00
1330,60,101,2021-09-08 00:00:00
1331,73,104,2021-09-08 00:00:00
1332,92,146,2021-09-08 00:00:00
1333,3,104,2021-09-08 00:00:00
1335,58,78,2021-10-08 00:00:00
1336,122,126,2021-10-08 00:00:00
1338,39,126,2021-10-08 00:00:00
1339,70,141,2021-10-08 00:00:00
1341,40,132,2021-11-08 00:00:00
1342,60,85,2021-11-08 00:00:00
1344,51,113,2021-11-08 00:00:00
1345,3,43,2021-12-08 00:00:00
1346,14,133,2021-12-08 00:00:00
1347,22,118,2021-12-08 00:00:00
1349,54,147,2021-12-08 00:00:00
1350,76,92,2021-12-08 00:00:00
1351,51,112,2021-12-08 00:00:00
1352,35,19,2021-12-08 00:00:00
1353,115,127,2021-12-08 00:00:00
1354,28,114,2021-12-08 00:00:00
1355,66,121,2021-12-08 00:00:00
1356,62,15,2021-12-08 00:00:00
1357,76,121,08-13-2021
1358,66,140,08-13-2021
1359,44,99,08-13-2021
1360,134,136,08-13-2021
1361,133,79,08-13-2021
1362,146,89,08-13-2021
1363,34,154,08-13-2021
1364,3,100,08-14-2021
1366,4,128,08-14-2021
1367,48,152,08-15-2021
1368,119,87,08-15-2021
1370,44,139,08-15-2021
1375,14,116,08-16-2021
1376,23,110,08-16-2021
1377,97,85,08-16-2021
1378,71,135,08-16-2021
1379,66,109,08-16-2021
1380,4,148,08-16-2021
1382,90,2,08-16-2021
1384,49,109,08-17-2021
1388,7,144,08-17-2021
1389,59,134,08-17-2021
1390,119,88,08-17-2021
1391,122,127,08-18-2021
1395,14,114,08-18-2021
1396,14,124,08-18-2021
1397,44,112,08-18-2021
1400,37,133,08-19-2021
1401,45,115,08-19-2021
1402,23,121,08-19-2021
1404,23,109,08-19-2021
1406,63,17,08-20-2021
1408,122,90,08-20-2021
1409,74,134,08-20-2021
1410,15,96,08-20-2021
1411,54,28,08-21-2021
1413,24,109,08-21-2021
1414,49,89,08-21-2021
1415,22,26,08-21-2021
1416,23,85,08-21-2021
1417,76,90,08-22-2021
1419,70,24,08-22-2021
1425,12,5,08-23-2021
1426,97,90,08-23-2021
1427,123,114,08-23-2021
1429,132,23,08-24-2021
1430,133,80,08-24-2021
1431,115,42,08-24-2021
1432,119,102,08-24-2021
1433,39,125,08-24-2021
1435,134,153,08-24-2021
1436,68,157,08-24-2021
1439,60,89,08-25-2021
1440,52,129,08-25-2021
1441,115,143,08-25-2021
1444,60,142,08-26-2021
1445,122,129,08-26-2021
1446,4,149,08-26-2021
1447,7,138,08-26-2021
1448,23,120,08-26-2021
1449,35,110,08-27-2021
1450,4,86,08-27-2021
1451,66,120,08-27-2021
1452,7,93,08-27-2021
1453,4,103,08-27-2021
1454,1,90,08-27-2021
1455,108,137,08-27-2021
1456,63,27,08-27-2021
1458,7,104,08-27-2021
1459,115,142,08-27-2021
1460,60,143,08-27-2021
1463,64,86,08-28-2021
1466,50,144,08-29-2021
1467,19,121,08-29-2021
1469,39,73,08-29-2021
1470,67,73,08-29-2021
1471,4,131,08-29-2021
1472,77,118,08-29-2021
1477,82,119,08-30-2021
1478,76,116,08-30-2021
1479,82,136,08-30-2021
1480,4,130,08-30-2021
1481,36,84,08-30-2021
1482,41,114,08-30-2021
1483,82,137,08-30-2021
1484,45,80,08-30-2021
1486,15,2,08-30-2021
1489,36,3,08-31-2021
1492,66,124,08-31-2021
1493,55,125,08-31-2021
1494,108,135,08-31-2021
1495,82,135,08-31-2021
1496,67,37,2021-01-09 00:00:00
1499,36,157,2021-01-09 00:00:00
1500,50,66,2021-01-09 00:00:00
1501,133,77,2021-01-09 00:00:00
1503,60,147,2021-01-09 00:00:00
1504,16,141,2021-01-09 00:00:00
1505,60,141,2021-02-09 00:00:00
1506,13,132,2021-02-09 00:00:00
1507,66,128,2021-02-09 00:00:00
1508,68,58,2021-02-09 00:00:00
1509,14,102,2021-02-09 00:00:00
1511,44,130,2021-03-09 00:00:00
1512,11,130,2021-03-09 00:00:00
1513,66,75,2021-03-09 00:00:00
1514,82,118,2021-03-09 00:00:00
1515,82,117,2021-03-09 00:00:00
1517,66,145,2021-03-09 00:00:00
1518,22,89,2021-03-09 00:00:00
1519,133,82,2021-03-09 00:00:00
1522,17,115,2021-04-09 00:00:00
1527,90,35,2021-05-09 00:00:00
1528,134,118,2021-05-09 00:00:00
1529,64,88,2021-05-09 00:00:00
1530,76,91,2021-05-09 00:00:00
1531,50,118,2021-05-09 00:00:00
1532,58,35,2021-05-09 00:00:00
1533,69,136,2021-05-09 00:00:00
1534,37,129,2021-06-09 00:00:00
1535,87,105,2021-06-09 00:00:00
1536,23,2,2021-06-09 00:00:00
1537,12,90,2021-06-09 00:00:00
1538,142,106,2021-06-09 00:00:00
1539,90,113,2021-06-09 00:00:00
1540,97,84,2021-06-09 00:00:00
1542,92,121,2021-07-09 00:00:00
1544,142,81,2021-07-09 00:00:00
1545,23,64,2021-07-09 00:00:00
1546,23,112,2021-07-09 00:00:00
1547,142,104,2021-07-09 00:00:00
1548,60,100,2021-08-09 00:00:00
1550,65,76,2021-08-09 00:00:00
1551,44,111,2021-08-09 00:00:00
1553,133,76,2021-08-09 00:00:00
1554,70,137,2021-09-09 00:00:00
1556,44,131,2021-09-09 00:00:00
1559,44,98,2021-09-09 00:00:00
1560,122,138,2021-09-09 00:00:00
1561,72,103,2021-10-09 00:00:00
1562,70,154,2021-10-09 00:00:00
1564,66,123,2021-10-09 00:00:00
1565,6,78,2021-10-09 00:00:00
1567,54,134,2021-10-09 00:00:00
1568,60,144,2021-10-09 00:00:00
1569,7,96,2021-10-09 00:00:00
1571,66,87,2021-11-09 00:00:00
1572,108,104,2021-11-09 00:00:00
1573,37,132,2021-11-09 00:00:00
1575,4,84,2021-11-09 00:00:00
1577,73,35,2021-11-09 00:00:00
1580,76,115,2021-12-09 00:00:00
1581,55,88,2021-12-09 00:00:00
1583,142,51,09-13-2021
1584,66,72,09-13-2021
1586,23,144,09-13-2021
1588,52,128,09-13-2021
1590,55,123,09-13-2021
1591,46,66,09-13-2021
1593,90,34,09-13-2021
1594,73,108,09-14-2021
1595,90,39,09-14-2021
1596,23,111,09-14-2021
1597,142,107,09-14-2021
1599,58,107,09-15-2021
1601,39,135,09-15-2021
1602,22,69,09-15-2021
1603,90,112,09-15-2021
1605,55,22,09-16-2021
1609,134,115,09-16-2021
1611,49,94,09-17-2021
1612,108,102,09-17-2021
1613,23,156,09-18-2021
1614,64,87,09-18-2021
1616,108,95,09-18-2021
1617,76,85,09-18-2021
1618,3,101,09-18-2021
1619,97,149,09-18-2021
1620,55,124,09-19-2021
1622,23,108,09-19-2021
1624,40,86,09-19-2021
1626,76,86,09-19-2021
1627,12,68,09-19-2021
1628,16,123,09-19-2021
1629,46,102,09-19-2021
1630,23,134,09-19-2021
1631,73,89,09-19-2021
1632,59,133,09-19-2021
1633,74,46,09-20-2021
1634,37,109,09-20-2021
1635,44,113,09-20-2021
1637,76,122,09-20-2021
1639,3,134,09-20-2021
1640,23,133,09-20-2021
1641,133,140,09-20-2021
1642,60,87,09-21-2021
1643,55,9,09-21-2021
1644,3,132,09-21-2021
1645,66,125,09-21-2021
1647,23,113,09-21-2021
1648,133,142,09-21-2021
1649,11,90,09-21-2021
1651,35,82,09-21-2021
1653,90,111,09-21-2021
1656,40,102,09-22-2021
1658,64,84,09-22-2021
1659,61,128,09-22-2021
1661,22,21,09-23-2021
1662,52,139,09-23-2021
1663,43,104,09-23-2021
1664,59,145,09-23-2021
1666,41,116,09-23-2021
1671,49,66,09-24-2021
1673,130,113,09-24-2021
1674,77,67,09-24-2021
1675,44,102,09-24-2021
1676,130,157,09-24-2021
1677,39,91,09-24-2021
1682,92,115,09-25-2021
1683,73,109,09-25-2021
1685,7,98,09-26-2021
1687,66,139,09-26-2021
1688,130,111,09-26-2021
1690,69,97,09-26-2021
1692,130,156,09-26-2021
1693,43,151,09-26-2021
1694,43,74,09-27-2021
1697,26,105,09-27-2021
1698,43,139,09-27-2021
1700,14,115,09-28-2021
1701,119,79,09-28-2021
1702,2,107,09-28-2021
1706,41,84,09-29-2021
1708,56,143,09-29-2021
1710,90,49,09-29-2021
1711,67,31,09-29-2021
1715,21,78,09-29-2021
1718,133,156,09-30-2021
1720,32,116,09-30-2021
1721,133,144,09-30-2021
1723,44,154,09-30-2021
1724,67,44,09-30-2021
1725,36,151,2021-01-10 00:00:00
1726,61,121,2021-01-10 00:00:00
1727,133,145,2021-01-10 00:00:00
1729,43,152,2021-01-10 00:00:00
1730,68,102,2021-01-10 00:00:00
1731,44,86,2021-01-10 00:00:00
1734,32,62,2021-03-10 00:00:00
1736,12,3,2021-03-10 00:00:00
1738,133,157,2021-03-10 00:00:00
1739,43,102,2021-03-10 00:00:00
1741,55,27,2021-03-10 00:00:00
1746,97,102,2021-04-10 00:00:00
1750,22,98,2021-05-10 00:00:00
1752,43,25,2021-05-10 00:00:00
1753,48,55,2021-05-10 00:00:00
1754,27,91,2021-05-10 00:00:00
1755,73,103,2021-05-10 00:00:00
1756,90,47,2021-05-10 00:00:00
1757,36,114,2021-05-10 00:00:00
1758,18,145,2021-05-10 00:00:00
1760,43,115,2021-06-10 00:00:00
1761,50,98,2021-06-10 00:00:00
1766,73,138,2021-06-10 00:00:00
1767,44,93,2021-06-10 00:00:00
1768,90,23,2021-06-10 00:00:00
1770,142,143,2021-07-10 00:00:00
1771,16,86,2021-07-10 00:00:00
1772,73,110,2021-07-10 00:00:00
1775,30,113,2021-07-10 00:00:00
1776,59,84,2021-08-10 00:00:00
1777,49,87,2021-08-10 00:00:00
1779,26,148,2021-08-10 00:00:00
1780,68,63,2021-08-10 00:00:00
1781,44,153,2021-08-10 00:00:00
1782,25,114,2021-08-10 00:00:00
1783,67,32,2021-08-10 00:00:00
1784,64,85,2021-09-10 00:00:00
1786,32,54,2021-09-10 00:00:00
1789,16,124,2021-09-10 00:00:00
1794,115,140,2021-10-10 00:00:00
1795,119,89,2021-10-10 00:00:00
1796,12,89,2021-10-10 00:00:00
1798,133,110,2021-11-10 00:00:00
1799,67,74,2021-11-10 00:00:00
1800,23,122,2021-11-10 00:00:00
1801,49,110,2021-11-10 00:00:00
1802,141,92,2021-12-10 00:00:00
1803,36,85,2021-12-10 00:00:00
1805,68,114,2021-12-10 00:00:00
1807,22,87,2021-12-10 00:00:00
1808,50,69,2021-12-10 00:00:00
1811,30,106,2021-12-10 00:00:00
1812,68,151,2021-12-10 00:00:00
1814,119,85,2021-12-10 00:00:00
1815,87,99,2021-12-10 00:00:00
1817,119,87,10-13-2021
1819,97,106,10-13-2021
1820,21,156,10-13-2021
1826,50,117,10-14-2021
1827,43,103,10-14-2021
1828,23,67,10-14-2021
1830,146,88,10-14-2021
1832,132,6,10-15-2021
1833,132,37,10-15-2021
1834,50,122,10-15-2021
1835,6,156,10-15-2021
1837,97,132,10-16-2021
1838,13,157,10-16-2021
1840,119,80,10-16-2021
1843,49,93,10-16-2021
1844,37,130,10-17-2021
1845,134,154,10-17-2021
1847,134,153,10-17-2021
1853,50,96,10-18-2021
1854,108,93,10-18-2021
1855,27,88,10-18-2021
1856,67,72,10-18-2021
1858,65,80,10-18-2021
1859,44,106,10-19-2021
1861,44,101,10-19-2021
1863,90,17,10-19-2021
1865,22,129,10-20-2021
1867,30,153,10-20-2021
1868,70,136,10-20-2021
1869,21,77,10-20-2021
1870,40,74,10-20-2021
1871,97,104,10-21-2021
1872,16,137,10-21-2021
1873,45,138,10-21-2021
1874,8,106,10-21-2021
1875,44,94,10-21-2021
1877,105,99,10-21-2021
1878,130,112,10-21-2021
1880,44,103,10-21-2021
1881,7,140,10-21-2021
1882,36,103,10-21-2021
1883,30,105,10-21-2021
1884,56,99,10-22-2021
1885,56,101,10-22-2021
1886,73,88,10-22-2021
1887,6,89,10-22-2021
1888,36,67,10-22-2021
1889,44,106,10-22-2021
1892,16,48,10-22-2021
1893,3,103,10-23-2021
1894,61,82,10-23-2021
1895,56,142,10-23-2021
1896,70,137,10-23-2021
1898,67,70,10-23-2021
1899,2,105,10-23-2021
1900,68,104,10-23-2021
1901,68,52,10-23-2021
1903,66,71,10-24-2021
1905,52,117,10-24-2021
1907,146,87,10-25-2021
1908,71,79,10-25-2021
1910,55,10,10-25-2021
1911,66,146,10-25-2021
1912,134,117,10-25-2021
1914,33,95,10-26-2021
1916,93,82,10-26-2021
1918,40,127,10-26-2021
1919,16,85,10-26-2021
1920,52,127,10-26-2021
1922,25,154,10-27-2021
1924,52,130,10-27-2021
1925,33,87,10-27-2021
1926,142,105,10-27-2021
1928,70,135,10-27-2021
1929,58,133,10-28-2021
1930,141,119,10-28-2021
1931,43,143,10-28-2021
1934,16,125,10-29-2021
1935,14,109,10-29-2021
1936,61,126,10-29-2021
1940,122,128,10-30-2021
1941,11,129,10-30-2021
1942,48,156,10-30-2021
1943,43,116,10-30-2021
1944,18,146,10-31-2021
1946,33,100,10-31-2021
1948,108,144,10-31-2021
1949,108,84,10-31-2021
1950,58,106,10-31-2021
1954,132,8,2021-01-11 00:00:00
1955,97,134,2021-01-11 00:00:00
1957,67,39,2021-01-11 00:00:00
1960,36,104,2021-01-11 00:00:00
1961,40,139,2021-01-11 00:00:00
1962,87,147,2021-01-11 00:00:00
1963,41,35,2021-01-11 00:00:00
1965,36,116,2021-01-11 00:00:00
1966,7,5,2021-01-11 00:00:00
1967,61,108,2021-02-11 00:00:00
1971,43,16,2021-02-11 00:00:00
1972,66,122,2021-02-11 00:00:00
1974,67,143,2021-02-11 00:00:00
1975,8,85,2021-03-11 00:00:00
1976,115,156,2021-03-11 00:00:00
1977,22,157,2021-03-11 00:00:00
1978,8,154,2021-03-11 00:00:00
1981,44,104,2021-03-11 00:00:00
1983,8,70,2021-03-11 00:00:00
1984,8,86,2021-03-11 00:00:00
1985,8,84,2021-04-11 00:00:00
1986,59,97,2021-04-11 00:00:00
1987,40,138,2021-04-11 00:00:00
1988,108,129,2021-04-11 00:00:00
1989,146,137,2021-04-11 00:00:00
1993,8,116,2021-05-11 00:00:00
1994,59,106,2021-05-11 00:00:00
1996,8,59,2021-05-11 00:00:00
1997,77,117,2021-05-11 00:00:00
1998,134,135,2021-05-11 00:00:00
1999,93,155,2021-05-11 00:00:00
2000,15,112,2021-05-11 00:00:00
2001,8,128,2021-06-11 00:00:00
2004,43,114,2021-06-11 00:00:00
2005,8,155,2021-06-11 00:00:00
2006,22,97,2021-06-11 00:00:00
2007,8,126,2021-06-11 00:00:00
2009,8,153,2021-06-11 00:00:00
2010,26,91,2021-06-11 00:00:00
2011,59,96,2021-07-11 00:00:00
2012,142,77,2021-07-11 00:00:00
2013,130,3,2021-07-11 00:00:00
2014,8,127,2021-07-11 00:00:00
2015,17,89,2021-07-11 00:00:00
2016,41,115,2021-07-11 00:00:00
2019,72,150,2021-07-11 00:00:00
2020,24,150,2021-07-11 00:00:00
2023,20,131,2021-08-11 00:00:00
2026,52,138,2021-08-11 00:00:00
2031,5,87,2021-09-11 00:00:00
2032,36,7,2021-09-11 00:00:00
2033,44,110,2021-10-11 00:00:00
2034,50,119,2021-10-11 00:00:00
2037,20,129,2021-10-11 00:00:00
2039,66,106,2021-10-11 00:00:00
2041,23,60,2021-11-11 00:00:00
2042,7,139,2021-11-11 00:00:00
2043,39,90,2021-11-11 00:00:00
2044,93,154,2021-11-11 00:00:00
2045,37,75,2021-11-11 00:00:00
2046,32,138,2021-11-11 00:00:00
2048,39,143,2021-11-11 00:00:00
2051,12,66,2021-12-11 00:00:00
2053,43,30,2021-12-11 00:00:00
2054,23,105,2021-12-11 00:00:00
2057,119,104,11-13-2021
2058,67,107,11-13-2021
2059,133,143,11-13-2021
2061,1,157,11-13-2021
2062,37,72,11-13-2021
2063,105,101,11-13-2021
2064,97,86,11-13-2021
2065,7,94,11-13-2021
2066,39,51,11-13-2021
2067,5,88,11-14-2021
2068,108,145,11-14-2021
2073,90,137,11-14-2021
2075,22,55,11-15-2021
2076,61,120,11-15-2021
2077,134,154,11-15-2021
2078,43,150,11-15-2021
2079,119,132,11-15-2021
2083,134,155,11-16-2021
2085,40,139,11-16-2021
2086,54,18,11-16-2021
2089,26,147,11-16-2021
2090,58,134,11-17-2021
2092,40,138,11-17-2021
2093,97,107,11-17-2021
2094,14,35,11-17-2021
2095,77,147,11-17-2021
2098,62,95,11-17-2021
2099,36,150,11-17-2021
2102,22,133,11-18-2021
2103,23,140,11-18-2021
2104,65,77,11-18-2021
2105,22,56,11-19-2021
2106,59,105,11-19-2021
2108,44,96,11-19-2021
2109,33,93,11-19-2021
2111,68,152,11-19-2021
2112,132,149,11-19-2021
2114,36,152,11-19-2021
2115,7,146,11-19-2021
2117,13,156,11-20-2021
2123,7,65,11-20-2021
2124,134,119,11-20-2021
2126,13,42,11-20-2021
2127,23,64,11-20-2021
2128,32,123,11-20-2021
2129,25,153,11-20-2021
2130,132,148,11-21-2021
2131,22,107,11-21-2021
2138,48,122,11-21-2021
2140,43,20,11-21-2021
2141,37,70,11-21-2021
2144,39,128,11-22-2021
2146,22,116,11-22-2021
2147,14,42,11-22-2021
2148,37,71,11-22-2021
2150,44,97,11-22-2021
2151,68,56,11-22-2021
2152,32,156,11-22-2021
2154,53,65,11-23-2021
2155,134,137,11-23-2021
2156,119,143,11-23-2021
2157,53,131,11-23-2021
2158,12,117,11-23-2021
2160,39,127,11-23-2021
2162,22,133,11-23-2021
2163,53,68,11-23-2021
2169,123,103,11-23-2021
2170,15,111,11-24-2021
2171,43,135,11-24-2021
2174,48,97,11-24-2021
2176,53,1,11-24-2021
2178,130,60,11-25-2021
2179,56,116,11-25-2021
2184,77,132,11-25-2021
2186,108,86,11-25-2021
2188,64,155,11-25-2021
2190,74,138,11-26-2021
2192,12,4,11-26-2021
2193,18,126,11-26-2021
2195,33,105,11-26-2021
2196,14,151,11-26-2021
2197,5,89,11-27-2021
2199,71,82,11-27-2021
2201,22,146,11-27-2021
2202,52,126,11-27-2021
2203,49,122,11-27-2021
2204,119,142,11-27-2021
2206,46,110,11-27-2021
2207,97,9,11-27-2021
2208,44,105,11-27-2021
2210,22,60,11-27-2021
2211,119,99,11-28-2021
2212,8,139,11-28-2021
2214,31,125,11-28-2021
2215,12,91,11-28-2021
2216,24,123,11-28-2021
2217,142,75,11-28-2021
2218,44,107,11-28-2021
2220,73,116,11-28-2021
2221,48,96,11-29-2021
2223,119,88,11-29-2021
2224,44,95,11-29-2021
2227,87,107,11-29-2021
2228,54,96,11-29-2021
2229,39,123,11-30-2021
2231,54,137,11-30-2021
2232,15,146,11-30-2021
2233,22,145,11-30-2021
2234,33,106,2021-01-12 00:00:00
2235,22,132,2021-01-12 00:00:00
2236,14,110,2021-01-12 00:00:00
2237,36,102,2021-01-12 00:00:00
2238,59,157,2021-01-12 00:00:00
2239,108,146,2021-01-12 00:00:00
2240,36,5,2021-01-12 00:00:00
2242,64,153,2021-02-12 00:00:00
2244,119,101,2021-02-12 00:00:00
2246,68,106,2021-02-12 00:00:00
2249,33,88,2021-03-12 00:00:00
2250,132,137,2021-03-12 00:00:00
2251,28,132,2021-03-12 00:00:00
2252,54,136,2021-03-12 00:00:00
2253,65,121,2021-03-12 00:00:00
2254,33,143,2021-03-12 00:00:00
2256,18,106,2021-03-12 00:00:00
2258,21,143,2021-03-12 00:00:00
2259,13,133,2021-03-12 00:00:00
2260,25,1,2021-03-12 00:00:00
2261,119,88,2021-03-12 00:00:00
2263,15,113,2021-03-12 00:00:00
2264,22,156,2021-03-12 00:00:00
2265,14,108,2021-03-12 00:00:00
2267,22,106,2021-04-12 00:00:00
2268,59,94,2021-04-12 00:00:00
2269,66,89,2021-04-12 00:00:00
2270,108,131,2021-04-12 00:00:00
2274,93,153,2021-05-12 00:00:00
2275,39,62,2021-05-12 00:00:00
2276,22,150,2021-05-12 00:00:00
2278,32,114,2021-05-12 00:00:00
2279,22,61,2021-05-12 00:00:00
2280,68,156,2021-05-12 00:00:00
2281,68,54,2021-05-12 00:00:00
2282,119,87,2021-05-12 00:00:00
2284,12,147,2021-06-12 00:00:00
2285,73,114,2021-06-12 00:00:00
2286,44,100,2021-06-12 00:00:00
2287,40,104,2021-06-12 00:00:00
2288,8,135,2021-06-12 00:00:00
2289,122,92,2021-06-12 00:00:00
2290,68,103,2021-06-12 00:00:00
2292,16,92,2021-07-12 00:00:00
2293,22,157,2021-07-12 00:00:00
2294,133,145,2021-07-12 00:00:00
2295,119,107,2021-07-12 00:00:00
2300,92,94,2021-08-12 00:00:00
2302,39,74,2021-08-12 00:00:00
2305,133,129,2021-08-12 00:00:00
2307,22,134,2021-08-12 00:00:00
2308,43,88,2021-08-12 00:00:00
2309,105,100,2021-09-12 00:00:00
2310,63,145,2021-09-12 00:00:00
2314,23,61,2021-09-12 00:00:00
2315,25,67,2021-09-12 00:00:00
2317,73,37,2021-09-12 00:00:00
2319,24,157,2021-09-12 00:00:00
2321,92,84,2021-09-12 00:00:00
2322,92,96,2021-10-12 00:00:00
2324,105,91,2021-10-12 00:00:00
2325,142,116,2021-10-12 00:00:00
2326,18,151,2021-10-12 00:00:00
2328,46,124,2021-10-12 00:00:00
2331,66,88,2021-10-12 00:00:00
2332,92,105,2021-10-12 00:00:00
2333,22,115,2021-11-12 00:00:00
2334,75,156,2021-11-12 00:00:00
2337,70,29,2021-11-12 00:00:00
2341,132,147,2021-11-12 00:00:00
2345,24,110,2021-11-12 00:00:00
2347,75,145,2021-11-12 00:00:00
2348,54,129,2021-11-12 00:00:00
2349,123,102,2021-11-12 00:00:00
2351,119,132,2021-12-12 00:00:00
2353,75,144,2021-12-12 00:00:00
2355,10,107,2021-12-12 00:00:00
2356,40,140,2021-12-12 00:00:00
2357,67,155,2021-12-12 00:00:00
2362,75,110,2021-12-12 00:00:00
2364,59,98,2021-12-12 00:00:00
2366,92,97,12-13-2021
2368,31,103,12-13-2021
2369,14,9,12-13-2021
2370,73,142,12-13-2021
2371,92,107,12-13-2021
2372,8,140,12-13-2021
2373,46,134,12-13-2021
2376,92,85,12-13-2021
2378,119,105,12-13-2021
2379,75,103,12-13-2021
2380,16,84,12-13-2021
2381,92,86,12-13-2021
2382,63,144,12-13-2021
2383,69,137,12-13-2021
2384,75,104,12-13-2021
2385,92,106,12-13-2021
2386,49,88,12-13-2021
2388,8,138,12-14-2021
2389,44,143,12-14-2021
2390,77,106,12-14-2021
2391,106,107,12-14-2021
2392,75,102,12-14-2021
2395,106,106,12-14-2021
2398,75,108,12-14-2021
2399,66,99,12-14-2021
2403,75,109,12-15-2021
2405,75,86,12-15-2021
2407,22,88,12-15-2021
2408,75,157,12-15-2021
2409,115,141,12-15-2021
2410,75,146,12-15-2021
2412,35,85,12-15-2021
2413,106,99,12-15-2021
2414,7,131,12-15-2021
2415,14,18,12-15-2021
2417,22,151,12-15-2021
2418,92,144,12-15-2021
2419,75,85,12-15-2021
2421,119,134,12-16-2021
2422,22,87,12-16-2021
2425,142,149,12-16-2021
2428,142,73,12-16-2021
2429,142,71,12-16-2021
2431,142,147,12-16-2021
2432,75,84,12-16-2021
2434,22,134,12-17-2021
2435,23,154,12-17-2021
2436,119,141,12-17-2021
2438,70,155,12-17-2021
2439,36,103,12-17-2021
2441,26,106,12-17-2021
2443,39,92,12-17-2021
2445,31,124,12-17-2021
2446,39,141,12-18-2021
2447,7,129,12-18-2021
2448,44,75,12-18-2021
2452,7,154,12-18-2021
2453,106,150,12-18-2021
2454,70,142,12-18-2021
2456,141,121,12-19-2021
2458,119,133,12-19-2021
2459,7,153,12-19-2021
2460,14,150,12-19-2021
2461,106,115,12-19-2021
2463,33,89,12-19-2021
2464,40,73,12-19-2021
2465,54,131,12-19-2021
2466,54,135,12-19-2021
2467,90,67,12-19-2021
2470,22,105,12-20-2021
2472,7,156,12-20-2021
2474,106,152,12-20-2021
2475,36,69,12-20-2021
2476,43,87,12-20-2021
2477,46,133,12-21-2021
2478,106,104,12-21-2021
2479,142,139,12-21-2021
2480,8,86,12-21-2021
2481,63,114,12-21-2021
2482,119,106,12-21-2021
2483,22,52,12-21-2021
2485,33,141,12-21-2021
2487,7,157,12-21-2021
2488,22,89,12-21-2021
2489,74,139,12-21-2021
2490,40,72,12-21-2021
2491,106,116,12-21-2021
2495,56,134,12-21-2021
2496,66,107,12-22-2021
2498,106,107,12-22-2021
2501,106,133,12-22-2021
2504,45,116,12-23-2021
2505,73,87,12-23-2021
2509,106,103,12-23-2021
2511,48,150,12-23-2021
2512,66,110,12-23-2021
2513,72,102,12-24-2021
2514,14,103,12-24-2021
2515,67,142,12-24-2021
2516,130,56,12-24-2021
2518,32,139,12-24-2021
2520,23,53,12-24-2021
2521,22,144,12-24-2021
2522,69,135,12-24-2021
2523,7,130,12-24-2021
2525,7,155,12-24-2021
2526,67,141,12-24-2021
2529,142,148,12-25-2021
2530,16,156,12-25-2021
2531,32,52,12-25-2021
2532,36,21,12-25-2021
2533,106,106,12-25-2021
2534,16,123,12-25-2021
2535,31,102,12-25-2021
2538,59,156,12-26-2021
2539,32,115,12-26-2021
2540,132,136,12-26-2021
2541,16,125,12-26-2021
2544,65,80,12-26-2021
2545,39,142,12-26-2021
2546,106,102,12-27-2021
2548,119,89,12-27-2021
2549,106,151,12-27-2021
2550,106,114,12-27-2021
2551,97,105,12-27-2021
2552,43,9,12-27-2021
2554,106,105,12-27-2021
2555,54,123,12-27-2021
2556,23,106,12-28-2021
2557,31,123,12-28-2021
2558,23,51,12-28-2021
2559,106,100,12-28-2021
2561,132,135,12-28-2021
2562,106,134,12-28-2021
2563,33,142,12-29-2021
2565,97,22,12-29-2021
2566,106,101,12-29-2021
2567,22,60,12-29-2021
2568,46,132,12-29-2021
2570,49,120,12-29-2021
2571,23,139,12-29-2021
2572,15,145,12-29-2021
2573,59,107,12-29-2021
2574,11,131,12-29-2021
2576,106,89,12-29-2021
2577,106,87,12-29-2021
2581,18,150,12-30-2021
2584,45,92,2020-05-05 00:00:00
2586,72,72,2020-07-07 00:00:00
2587,72,71,2020-07-07 00:00:00
2588,12,71,2020-12-08 00:00:00
2590,15,139,2020-01-08 00:00:00
2592,115,90,06-15-2020
2594,15,140,2020-01-08 00:00:00
2595,2,75,2020-11-06 00:00:00
2596,45,90,2020-05-05 00:00:00
2597,72,73,2020-07-07 00:00:00
2598,72,70,2020-07-07 00:00:00
2600,72,75,2020-07-07 00:00:00
2601,51,92,2020-07-08 00:00:00
2602,15,138,2020-01-08 00:00:00
2603,12,75,2020-12-08 00:00:00
2604,61,91,07-23-2020
2607,115,92,06-15-2020
2611,61,92,07-23-2020
2613,61,90,07-23-2020
2614,22,140,09-21-2020
2616,46,73,2020-04-08 00:00:00
2617,28,91,02-13-2021
2618,77,72,02-13-2021
2619,115,91,06-15-2020
2620,61,92,07-23-2020
2621,93,94,2021-06-03 00:00:00
2622,93,93,2021-06-03 00:00:00
2623,115,92,06-15-2020
2624,115,91,06-15-2020
2625,28,90,02-13-2021
2626,73,72,2021-07-02 00:00:00
2628,46,74,2020-04-08 00:00:00
2629,12,74,2020-12-08 00:00:00
2630,50,95,04-17-2021
2633,50,94,04-17-2021
2634,12,70,2020-12-08 00:00:00
2635,77,75,02-13-2021
2636,82,139,09-15-2020
2638,82,140,09-15-2020
2639,82,138,09-15-2020
2640,90,140,2020-12-10 00:00:00
2641,13,71,2021-07-01 00:00:00
2642,63,93,10-13-2020
2643,49,70,06-30-2021
2644,49,140,08-16-2021
2645,50,93,04-17-2021
2646,22,139,09-21-2020
2648,28,92,02-13-2021
2649,43,75,09-27-2021
2650,13,73,2021-07-01 00:00:00
2651,49,71,06-30-2021
2654,90,139,2020-12-10 00:00:00
2655,90,138,2020-12-10 00:00:00
2656,115,90,06-15-2020
2657,50,74,05-31-2021
2658,49,138,08-16-2021
2660,119,90,08-18-2020
2662,119,72,2020-01-11 00:00:00
2663,119,73,2020-01-11 00:00:00
2664,43,73,09-27-2021
2665,49,139,08-16-2021
2666,73,74,2021-07-02 00:00:00
2667,8,75,2021-03-11 00:00:00
2669,8,92,02-16-2021
2670,8,71,2021-03-11 00:00:00
2671,8,73,2021-03-11 00:00:00
2672,8,91,02-16-2021
2673,8,72,2021-03-11 00:00:00
2674,8,90,02-16-2021
2676,46,71,2020-04-08 00:00:00
2677,5,93,2021-09-11 00:00:00
2678,119,70,2020-01-11 00:00:00
2679,5,94,2021-09-11 00:00:00
2680,46,74,2020-04-08 00:00:00
2681,5,95,2021-09-11 00:00:00
2682,49,74,06-30-2021
2683,132,70,11-19-2021
2686,22,140,09-21-2020
2688,132,71,11-19-2021
2689,49,73,06-30-2021
2690,132,75,11-19-2021
2691,46,72,2020-04-08 00:00:00
2692,43,72,09-27-2021
2693,92,93,2021-08-12 00:00:00
2694,92,95,2021-08-12 00:00:00
2695,43,74,09-27-2021
2696,61,90,07-23-2020
2697,132,72,11-19-2021
2698,46,75,2020-04-08 00:00:00
2699,22,139,09-21-2020
2700,119,71,2020-01-11 00:00:00
2701,22,138,09-21-2020
2702,49,71,06-30-2021
2703,73,70,2021-07-02 00:00:00
